"1","North Atlantic Ocean","Unknown",0,0,0,"ocean"
"2","South Atlantic Ocean","Unknown",-22.9667,-44.3167,0,"ocean"
"3","Arabian Sea","Unknown",20.8333,71.4667,0,"ocean"
"4","Indian Ocean","Unknown",-33.1564,115.6764,0,"ocean"
"5","Philippine Sea","Unknown",11.75,122.3333,0,"ocean"
"6","Tasman Sea","Unknown",-31.6667,152.8333,0,"ocean"
"7","Sea of Japan","Unknown",33.4333,127.2667,0,"ocean"
"8","Bismarck Sea","Unknown",-3,151,0,"ocean"
"9","Indian Ocean","Unknown",1.1667,44.1667,0,"ocean"
"10","Red Sea","Unknown",27.3333,35.6667,0,"ocean"
"11","Java Sea","Unknown",-7,115.5,0,"ocean"
"12","Indian Ocean","Unknown",-20,57,0,"ocean"
"13","Ionian Sea","Unknown",38.1833,15.5667,0,"ocean"
"14","Bay Of Bengal","Unknown",9.3333,80.8333,0,"ocean"
"15","Yellow Sea","Unknown",32.1167,121.8,0,"ocean"
"16","Balear Sea","Unknown",39,-0.0333,0,"ocean"
"17","Persian Gulf","Unknown",26.6667,50.15,0,"ocean"
"18","Philippine Sea","Unknown",34.72,137.305,0,"ocean"
"19","East China Sea","Unknown",31.3333,121.6667,0,"ocean"
"20","North Pacific Ocean","Unknown",12.5,-137.7,0,"ocean"
"21","North Pacific Ocean","Unknown",11.7,-137.8,0,"ocean"
"22","Gulf Of Alaska","Unknown",55.1833,-162.55,0,"ocean"
"23","Red Sea","Unknown",26.2833,34.25,0,"ocean"
"24","North Greenland Sea","Unknown",72.8833,-25.1167,0,"ocean"
"25","South Pacific Ocean","Unknown",-57.7867,-90.7933,0,"ocean"
"26","Indian Ocean","Unknown",-33.8667,121.9167,0,"ocean"
"27","Gulf Of Mexico","Unknown",30.3117,-86.1667,0,"ocean"
"28","Northwestern Passages","Unknown",70.7333,-117.75,0,"ocean"
"29","Arabian Sea","Unknown",18.4254,56.8226,0,"ocean"
"30","Bass Strait","Unknown",-40.7333,146.9667,0,"ocean"
"31","Unknown","Unknown",-1.9462,354.4733,0,"Unknown"
"32","Black Sea","Unknown",46.5,30.7667,0,"ocean"
"33","Unknown","Unknown",72.6833,143.5333,0,"Unknown"
"34","Gulf Of California","Unknown",29.9,-112.6833,0,"ocean"
"35","Antarctica","AQ",-76.2428,158.6563,0,"land"
"36","Antarctica","AQ",-76.2207,157.815,0,"land"
"37","Antarctica","AQ",-76.2475,157.9071,0,"land"
"38","Antarctica","AQ",-76.2472,158.5953,0,"land"
"39","Antarctica","AQ",-76.2318,158.3777,0,"land"
"40","Antarctica","AQ",-76.2212,157.8201,0,"land"
"41","Antarctica","AQ",-76.2199,158.3778,0,"land"
"42","Antarctica","AQ",-76.2203,158.3797,0,"land"
"43","Antarctica","AQ",-76.2207,158.3762,0,"land"
"44","Antarctica","AQ",-76.22,158.3768,0,"land"
"45","Antarctica","AQ",-76.239,158.2258,0,"land"
"46","Antarctica","AQ",-76.2208,158.374,0,"land"
"47","Antarctica","AQ",-76.2206,158.376,0,"land"
"48","Antarctica","AQ",-76.2217,157.7867,0,"land"
"49","Antarctica","AQ",-76.2201,158.3764,0,"land"
"50","Antarctica","AQ",-76.2199,158.3784,0,"land"
"51","Antarctica","AQ",-76.2199,158.3789,0,"land"
"52","Antarctica","AQ",-76.2198,158.379,0,"land"
"53","Antarctica","AQ",-76.2329,158.1023,0,"land"
"54","Antarctica","AQ",-76.2313,158.1021,0,"land"
"55","Antarctica","AQ",-76.2418,158.1576,0,"land"
"56","Antarctica","AQ",-76.2404,158.0901,0,"land"
"57","Antarctica","AQ",-76.22,158.379,0,"land"
"58","Antarctica","AQ",-76.2199,158.3783,0,"land"
"59","Antarctica","AQ",-76.2399,158.1472,0,"land"
"60","Antarctica","AQ",-76.2417,158.1574,0,"land"
"61","Antarctica","AQ",-76.2242,158.0457,0,"land"
"62","Antarctica","AQ",-76.22,158.3783,0,"land"
"63","Antarctica","AQ",-76.231,158.1015,0,"land"
"64","Antarctica","AQ",-76.2403,158.1488,0,"land"
"65","Antarctica","AQ",-76.2667,159.25,0,"land"
"66","Antarctica","AQ",-76.2139,158.4332,0,"land"
"67","Antarctica","AQ",-76.2161,158.545,0,"land"
"68","Antarctica","AQ",-76.2402,158.5981,0,"land"
"69","Antarctica","AQ",-76.2264,158.4455,0,"land"
"70","Antarctica","AQ",-76.2154,158.5392,0,"land"
"71","Antarctica","AQ",-76.2313,158.4426,0,"land"
"72","Antarctica","AQ",-76.2509,158.308,0,"land"
"73","Antarctica","AQ",-76.2066,158.4935,0,"land"
"74","Antarctica","AQ",-76.2108,158.4572,0,"land"
"75","Antarctica","AQ",-76.2073,158.4936,0,"land"
"76","Antarctica","AQ",-76.2174,158.397,0,"land"
"77","Antarctica","AQ",-76.215,158.4211,0,"land"
"78","Antarctica","AQ",-76.2094,158.468,0,"land"
"79","Antarctica","AQ",-76.2219,158.5361,0,"land"
"80","Antarctica","AQ",-76.2111,158.4474,0,"land"
"81","Antarctica","AQ",-76.2408,158.2389,0,"land"
"82","Antarctica","AQ",-76.2068,158.4849,0,"land"
"83","Antarctica","AQ",-76.2212,158.67,0,"land"
"84","Antarctica","AQ",-76.2178,158.6062,0,"land"
"85","Antarctica","AQ",-76.2068,158.5001,0,"land"
"86","Antarctica","AQ",-76.2378,158.2624,0,"land"
"87","Antarctica","AQ",-76.2423,158.2669,0,"land"
"88","Antarctica","AQ",-76.2233,158.6845,0,"land"
"89","Antarctica","AQ",-76.2361,158.3279,0,"land"
"90","Antarctica","AQ",-76.2384,158.2487,0,"land"
"91","Antarctica","AQ",-76.2231,158.5694,0,"land"
"92","Antarctica","AQ",-76.2061,158.5069,0,"land"
"93","Antarctica","AQ",-76.2361,158.3175,0,"land"
"94","Antarctica","AQ",-76.252,158.5972,0,"land"
"95","Antarctica","AQ",-76.2159,158.6198,0,"land"
"96","Antarctica","AQ",-76.2238,158.5619,0,"land"
"97","Antarctica","AQ",-76.2078,158.4936,0,"land"
"98","Antarctica","AQ",-76.2076,158.5093,0,"land"
"99","Antarctica","AQ",-76.229,158.2634,0,"land"
"100","Antarctica","AQ",-76.208,158.4829,0,"land"
"101","Antarctica","AQ",-76.2217,158.6847,0,"land"
"102","Antarctica","AQ",-76.2353,158.3267,0,"land"
"103","Antarctica","AQ",-76.219,158.4182,0,"land"
"104","Antarctica","AQ",-76.2069,158.5236,0,"land"
"105","Antarctica","AQ",-76.2223,158.4305,0,"land"
"106","Antarctica","AQ",-76.2437,158.2173,0,"land"
"107","Antarctica","AQ",-76.2262,158.6132,0,"land"
"108","Antarctica","AQ",-76.2498,158.2076,0,"land"
"109","Antarctica","AQ",-76.2117,158.4412,0,"land"
"110","Antarctica","AQ",-76.2196,158.3792,0,"land"
"111","Antarctica","AQ",-76.2101,158.4746,0,"land"
"112","Antarctica","AQ",-76.2173,158.4017,0,"land"
"113","Antarctica","AQ",-76.2388,158.2702,0,"land"
"114","Antarctica","AQ",-76.2081,158.4926,0,"land"
"115","Antarctica","AQ",-76.2061,158.4843,0,"land"
"116","Antarctica","AQ",-76.236,158.2172,0,"land"
"117","Antarctica","AQ",-76.2287,158.2662,0,"land"
"118","Antarctica","AQ",-76.2231,158.354,0,"land"
"119","Antarctica","AQ",-76.247,158.2423,0,"land"
"120","Antarctica","AQ",-76.2155,158.4004,0,"land"
"121","Antarctica","AQ",-76.2228,158.7929,0,"land"
"122","Antarctica","AQ",-76.2233,158.3541,0,"land"
"123","Antarctica","AQ",-76.2066,158.481,0,"land"
"124","Antarctica","AQ",-76.2181,158.8118,0,"land"
"125","Antarctica","AQ",-76.2234,158.3523,0,"land"
"126","Antarctica","AQ",-76.2132,158.4404,0,"land"
"127","Antarctica","AQ",-76.2354,158.7148,0,"land"
"128","Antarctica","AQ",-76.2206,158.3762,0,"land"
"129","Antarctica","AQ",-76.235,158.7604,0,"land"
"130","Antarctica","AQ",-76.2092,158.4756,0,"land"
"131","Antarctica","AQ",-76.2086,158.5105,0,"land"
"132","Antarctica","AQ",-76.2214,158.6719,0,"land"
"133","Antarctica","AQ",-76.2147,158.4273,0,"land"
"134","Antarctica","AQ",-76.2384,158.2886,0,"land"
"135","Antarctica","AQ",-76.2065,158.5095,0,"land"
"136","Antarctica","AQ",-76.233,158.27,0,"land"
"137","Canada","CA",53.075,-105.8417,0,"land"
"138","United States","US",35.6531,-114.0244,0,"land"
"139","United States","US",35.6455,-114.0307,0,"land"
"140","United States","US",35.6464,-114.0285,0,"land"
"141","United States","US",35.6465,-114.0285,0,"land"
"142","United States","US",35.627,-114.0434,0,"land"
"143","United States","US",35.6272,-114.0432,0,"land"
"144","United States","US",35.6619,-114.0271,0,"land"
"145","United States","US",35.6638,-114.027,0,"land"
"146","United States","US",35.6973,-114.032,0,"land"
"147","United States","US",35.6795,-114.0434,0,"land"
"148","United States","US",35.6448,-114.0345,0,"land"
"149","United States","US",35.6268,-114.0437,0,"land"
"150","United States","US",35.6973,-114.0617,0,"land"
"151","United States","US",35.6333,-114.0833,0,"land"
"152","United States","US",35.6413,-114.09,0,"land"
"153","United States","US",35.647,-114.0955,0,"land"
"154","United States","US",35.6587,-114.0257,0,"land"
"155","United States","US",35.64,-114.0328,0,"land"
"156","United States","US",35.6245,-114.0469,0,"land"
"157","United States","US",32,-95,0,"land"
"158","United States","US",35.4167,-117.9167,0,"land"
"159","United States","US",40.25,-100.5,0,"land"
"160","Australia","AU",-30.7167,116.5,0,"land"
"161","Canada","CA",53.9329,-112.977,0,"land"
"162","United States","US",43.8667,-85.5167,0,"land"
"163","Algeria","DZ",25.5833,0.5,0,"land"
"164","Algeria","DZ",25.6333,0.5333,0,"land"
"165","Algeria","DZ",25.6333,0.5,0,"land"
"166","Australia","AU",-30.0667,128.9833,0,"land"
"167","Australia","AU",-30.0667,128.9667,0,"land"
"168","Australia","AU",-30.25,128.8,0,"land"
"169","Australia","AU",-30.15,128.8,0,"land"
"170","Australia","AU",-30.6,128.4833,0,"land"
"171","Australia","AU",-30.65,128.4083,0,"land"
"172","Australia","AU",-30.0833,128.8167,0,"land"
"173","Australia","AU",-30.3167,128.985,0,"land"
"174","Australia","AU",-30.3217,128.85,0,"land"
"175","Australia","AU",-30.2167,128.3,0,"land"
"176","Australia","AU",-30.5,128.5,0,"land"
"177","Australia","AU",-30.0833,128.9167,0,"land"
"178","Australia","AU",-30.0833,128.8333,0,"land"
"179","Australia","AU",-30.2867,128.635,0,"land"
"180","Australia","AU",-30.1667,129,0,"land"
"181","Australia","AU",-30.1667,128.9167,0,"land"
"182","Australia","AU",-30.5173,128.4762,0,"land"
"183","Australia","AU",-30.5167,128.4583,0,"land"
"184","Australia","AU",-30.0678,128.9848,0,"land"
"185","Australia","AU",-30.3028,128.5262,0,"land"
"186","Australia","AU",-30.3008,128.5255,0,"land"
"187","Australia","AU",-30.3183,128.3833,0,"land"
"188","Australia","AU",-30.2867,128.5733,0,"land"
"189","Australia","AU",-30.2483,128.6353,0,"land"
"190","Australia","AU",-30.3181,128.3733,0,"land"
"191","Australia","AU",-30.1237,128.8495,0,"land"
"192","Chile","CL",-23.1756,-69.7183,0,"land"
"193","United States","US",36.9867,-97.555,0,"land"
"194","United States","US",40.0833,-98.9167,0,"land"
"195","Spain","ES",39.4589,-4.3775,0,"land"
"196","Mauritania","MR",23.2925,-10.1748,0,"land"
"197","Mauritania","MR",23.3907,-9.9402,0,"land"
"198","Australia","AU",-34.6667,139.2833,0,"land"
"199","United States","US",33.5333,-99.6167,0,"land"
"200","Chile","CL",-21.9833,-69.6167,0,"land"
"201","Nigeria","NG",10,9,0,"land"
"202","United States","US",37.2222,-101.6814,0,"land"
"203","United States","US",31.9,-96.4,0,"land"
"204","United States","US",35.5833,-117.5667,0,"land"
"205","United States","US",38.5167,-107.8333,0,"land"
"206","Argentina","AR",-23.8708,-67.1764,0,"land"
"207","Argentina","AR",-32.8717,-64.2233,0,"land"
"208","Brazil","BR",-13.1233,-42.2885,0,"land"
"209","Argentina","AR",-39.85,-69.4833,0,"land"
"210","United States","US",35.3,-106.6333,0,"land"
"211","Australia","AU",-30.3667,126.0167,0,"land"
"212","Canada","CA",50.94,-96.9917,0,"land"
"213","United States","US",35.6333,-115.3667,0,"land"
"214","United States","US",35.6593,-115.3717,0,"land"
"215","United States","US",35.6717,-115.3672,0,"land"
"216","United States","US",35.6835,-115.347,0,"land"
"217","United States","US",35.673,-115.3672,0,"land"
"218","United States","US",35.6808,-115.3406,0,"land"
"219","United States","US",35.6741,-115.3681,0,"land"
"220","United States","US",35.6701,-115.3725,0,"land"
"221","United States","US",35.6773,-115.3566,0,"land"
"222","United States","US",35.6735,-115.3507,0,"land"
"223","United States","US",35.6659,-115.3708,0,"land"
"224","Antarctica","AQ",-72.6533,160.307,0,"land"
"225","United States","US",34.0833,-103.5,0,"land"
"226","United States","US",34.4222,-101.4975,0,"land"
"227","United States","US",41.65,-109.025,0,"land"
"228","Mexico","MX",25.3333,-104.6667,0,"land"
"229","Australia","AU",-22.3333,118,0,"land"
"230","United States","US",34.065,-103.4083,0,"land"
"231","United States","US",37.1167,-101.6,0,"land"
"232","United States","US",37.0833,-101.6,0,"land"
"233","Russia","RU",50.2853,46.6997,0,"land"
"234","United States","US",35.7667,-102.95,0,"land"
"235","Namibia",NA,-23.0833,14.715,0,"land"
"236","United States","US",34.8667,-98.95,0,"land"
"237","United States","US",33.7833,-103.5667,0,"land"
"238","United States","US",33.7167,-103.65,0,"land"
"239","United States","US",33.8833,-103.5667,0,"land"
"240","United States","US",34.2167,-103.2833,0,"land"
"241","United States","US",33.0833,-103.5,0,"land"
"242","United States","US",33.75,-103.1333,0,"land"
"243","United States","US",34.1,-103.4833,0,"land"
"244","United States","US",34.2167,-103.2,0,"land"
"245","United States","US",34.3167,-103.4167,0,"land"
"246","United States","US",34.1167,-103.5667,0,"land"
"247","United States","US",34.1333,-103.5667,0,"land"
"248","United States","US",33.8181,-103.2069,0,"land"
"249","United States","US",34.1833,-103.2333,0,"land"
"250","United States","US",34.15,-104.0167,0,"land"
"251","United States","US",33.8,-103.25,0,"land"
"252","United States","US",34.2833,-103.4333,0,"land"
"253","United States","US",33.7833,-103.55,0,"land"
"254","United States","US",34.0833,-103.6167,0,"land"
"255","United States","US",34.0833,-103.5167,0,"land"
"256","United States","US",34.3,-103.45,0,"land"
"257","United States","US",34.25,-103.5167,0,"land"
"258","United States","US",34.2333,-103.25,0,"land"
"259","United States","US",34.1333,-103.3667,0,"land"
"260","United States","US",33.6167,-103.45,0,"land"
"261","United States","US",34.2167,-103.35,0,"land"
"262","United States","US",33.8833,-103.7,0,"land"
"263","United States","US",34.3,-103.4333,0,"land"
"264","United States","US",34.4167,-103.5833,0,"land"
"265","United States","US",34.2167,-103.5,0,"land"
"266","United States","US",34.0833,-103.4833,0,"land"
"267","United States","US",34.1833,-103.4333,0,"land"
"268","United States","US",34.1,-103.5833,0,"land"
"269","United States","US",34.05,-103.5,0,"land"
"270","United States","US",33.6333,-103.1667,0,"land"
"271","United States","US",34.0833,-103.5667,0,"land"
"272","United States","US",33.6667,-103.4167,0,"land"
"273","United States","US",34.2,-103.2333,0,"land"
"274","United States","US",34.3167,-103.3833,0,"land"
"275","United States","US",34.2833,-103.2833,0,"land"
"276","United States","US",34.0667,-103.5167,0,"land"
"277","United States","US",34.1333,-103.5333,0,"land"
"278","United States","US",34.2833,-103.5167,0,"land"
"279","United States","US",34.0917,-103.5017,0,"land"
"280","United States","US",34.0917,-103.6767,0,"land"
"281","United States","US",33.9583,-103.9383,0,"land"
"282","United States","US",34.2167,-103.55,0,"land"
"283","United States","US",33.6,-103.3,0,"land"
"284","United States","US",34.05,-103.5833,0,"land"
"285","United States","US",33.995,-103.25,0,"land"
"286","United States","US",33.7388,-103.65,0,"land"
"287","United States","US",33.7222,-103.6733,0,"land"
"288","United States","US",34.1883,-103.9417,0,"land"
"289","United States","US",34.2167,-103.9333,0,"land"
"290","United States","US",34.2167,-103.1333,0,"land"
"291","United States","US",34.2167,-103.1833,0,"land"
"292","United States","US",33.7367,-103.6233,0,"land"
"293","Australia","AU",-15,135,0,"land"
"294","United States","US",34.8279,-118.1464,0,"land"
"295","United States","US",34.8333,-118.0667,0,"land"
"296","Honduras","HN",14.6,-88.6833,0,"land"
"297","United States","US",30.8167,-97.05,0,"land"
"298","United States","US",30.0581,-96.6514,0,"land"
"299","United States","US",30.0667,-96.7,0,"land"
"300","United States","US",39.1667,-98.4333,0,"land"
"301","United States","US",46.7833,-108.5667,0,"land"
"302","Australia","AU",-29.8,148.6333,0,"land"
"303","United States","US",35.95,-104.2,0,"land"
"304","Saudi Arabia","SA",20,50,0,"land"
"305","United States","US",34.3,-81.4,0,"land"
"306","Slovakia","SK",48.348,17.866,0,"land"
"307","United States","US",39.5,-85.5,0,"land"
"308","United States","US",38.6167,-102.7167,0,"land"
"309","United States","US",39.6167,-85.45,0,"land"
"310","United States","US",39.8,-105.5,0,"land"
"311","United States","US",32.1333,-111.1333,0,"land"
"312","Greenland","GL",81.1667,-49,0,"land"
"313","United States","US",32.9167,-104.6667,0,"land"
"314","United States","US",34.7564,-114.2344,0,"land"
"315","United States","US",34.7563,-114.2343,0,"land"
"316","United States","US",34.7587,-114.2334,0,"land"
"317","United States","US",34.7508,-114.2272,0,"land"
"318","United States","US",34.7467,-114.21,0,"land"
"319","Morocco","MA",30.2667,-4.6667,0,"land"
"320","United States","US",32.8658,-97.3231,0,"land"
"321","United States","US",40.7167,-90.4167,0,"land"
"322","France","FR",48.4833,3.5833,0,"land"
"323","RÃ©union","RE",-21.1922,55.6864,0,"land"
"324","Mexico","MX",27,-105.25,0,"land"
"325","Chile","CL",-23.826,-68.5722,0,"land"
"326","Chile","CL",-24.2033,-68.805,0,"land"
"327","United States","US",38.9833,-111.85,0,"land"
"328","United States","US",39.4,-100.4,0,"land"
"329","Finland","FI",66.8,28.45,0,"land"
"330","United States","US",40.9167,-111.6667,0,"land"
"331","United States","US",37.95,-85.7833,0,"land"
"332","United States","US",42.5333,-122.875,0,"land"
"333","United States","US",31.4167,-100.35,0,"land"
"334","United States","US",34.0006,-115.7297,0,"land"
"335","Argentina","AR",-27.5586,-56.1344,0,"land"
"336","Argentina","AR",-35.5333,-58.7667,0,"land"
"337","Chile","CL",-23.4333,-69.5,0,"land"
"338","United States","US",36,-119,0,"land"
"339","Mexico","MX",23.4833,-104.3667,0,"land"
"340","United States","US",35,-112,0,"land"
"341","United States","US",32.1666,-111.1172,0,"land"
"342","Mexico","MX",24.7,-99.0833,0,"land"
"343","Chile","CL",-25.575,-69.795,0,"land"
"344","Chile","CL",-25.4462,-69.8587,0,"land"
"345","Chile","CL",-25.4473,-69.8607,0,"land"
"346","Chile","CL",-25.4458,-69.8635,0,"land"
"347","Chile","CL",-25.4463,-69.8553,0,"land"
"348","Chile","CL",-25.4475,-69.851,0,"land"
"349","Chile","CL",-25.4485,-69.8518,0,"land"
"350","Chile","CL",-25.4477,-69.8718,0,"land"
"351","Chile","CL",-25.4477,-69.8673,0,"land"
"352","Chile","CL",-25.4478,-69.8673,0,"land"
"353","Chile","CL",-25.4432,-69.8955,0,"land"
"354","Chile","CL",-25.4438,-69.8703,0,"land"
"355","Chile","CL",-25.445,-69.8707,0,"land"
"356","Chile","CL",-25.4445,-69.867,0,"land"
"357","Chile","CL",-25.4442,-69.8715,0,"land"
"358","Chile","CL",-25.4435,-69.8745,0,"land"
"359","Chile","CL",-25.443,-69.8752,0,"land"
"360","Chile","CL",-25.4425,-69.874,0,"land"
"361","Chile","CL",-25.4415,-69.8762,0,"land"
"362","Chile","CL",-25.4417,-69.8735,0,"land"
"363","Chile","CL",-25.4425,-69.8722,0,"land"
"364","Chile","CL",-25.443,-69.8718,0,"land"
"365","Chile","CL",-25.44,-69.8723,0,"land"
"366","Chile","CL",-25.372,-69.8995,0,"land"
"367","Chile","CL",-25.4425,-69.8712,0,"land"
"368","Chile","CL",-25.4427,-69.8712,0,"land"
"369","Chile","CL",-25.4412,-69.8712,0,"land"
"370","Chile","CL",-25.4418,-69.871,0,"land"
"371","Chile","CL",-25.4418,-69.8703,0,"land"
"372","Chile","CL",-25.4403,-69.879,0,"land"
"373","Chile","CL",-25.4425,-69.8772,0,"land"
"374","Chile","CL",-25.4408,-69.8688,0,"land"
"375","Chile","CL",-25.4403,-69.8682,0,"land"
"376","Chile","CL",-25.4397,-69.8798,0,"land"
"377","Chile","CL",-25.4405,-69.8802,0,"land"
"378","Chile","CL",-25.4398,-69.8803,0,"land"
"379","Chile","CL",-25.4418,-69.8817,0,"land"
"380","Chile","CL",-25.371,-69.8975,0,"land"
"381","Chile","CL",-25.44,-69.884,0,"land"
"382","Chile","CL",-25.4395,-69.884,0,"land"
"383","Chile","CL",-25.4448,-69.881,0,"land"
"384","Chile","CL",-25.4432,-69.8825,0,"land"
"385","Chile","CL",-25.4437,-69.884,0,"land"
"386","Chile","CL",-25.4435,-69.8667,0,"land"
"387","Chile","CL",-25.4423,-69.8647,0,"land"
"388","Chile","CL",-25.443,-69.8637,0,"land"
"389","Chile","CL",-25.4473,-69.8835,0,"land"
"390","Chile","CL",-25.4393,-69.8863,0,"land"
"391","Chile","CL",-25.4397,-69.8865,0,"land"
"392","Chile","CL",-25.4387,-69.8865,0,"land"
"393","Chile","CL",-25.4395,-69.8858,0,"land"
"394","Chile","CL",-25.44,-69.8883,0,"land"
"395","Chile","CL",-25.4407,-69.8637,0,"land"
"396","Chile","CL",-25.4393,-69.8635,0,"land"
"397","Chile","CL",-25.4388,-69.8588,0,"land"
"398","Chile","CL",-25.449,-69.8815,0,"land"
"399","Chile","CL",-25.4493,-69.8815,0,"land"
"400","Chile","CL",-25.449,-69.8803,0,"land"
"401","Chile","CL",-25.4465,-69.8858,0,"land"
"402","Chile","CL",-25.4407,-69.8608,0,"land"
"403","Chile","CL",-25.4252,-69.6902,0,"land"
"404","Chile","CL",-25.5833,-69.7833,0,"land"
"405","Argentina","AR",-33.3333,-66.3833,0,"land"
"406","United States","US",29.5,-98.5,0,"land"
"407","Brazil","BR",-16.2167,-50.3,0,"land"
"408","United States","US",39.43,-99.995,0,"land"
"409","United States","US",40.8167,-102.25,0,"land"
"410","United States","US",30.1333,-102.15,0,"land"
"411","United States","US",40.4333,-98.0667,0,"land"
"412","United States","US",35.25,-106.5,0,"land"
"413","United States","US",35.9333,-91.6333,0,"land"
"414","Mexico","MX",19.2167,-98.3,0,"land"
"415","South Atlantic Ocean","Unknown",-26.2167,-48.6,0,"ocean"
"416","Mexico","MX",24.4667,-103.35,0,"land"
"417","Brazil","BR",-16.2667,-47.95,0,"land"
"418","Colombia","CO",5.9167,-73,0,"land"
"419","Mexico","MX",27.3333,-112.3333,0,"land"
"420","Brazil","BR",-33.5094,-53.4108,0,"land"
"421","Mexico","MX",24.5,-106,0,"land"
"422","Brazil","BR",-21.55,-43.0167,0,"land"
"423","Portugal","PT",41.7661,-8.5836,0,"land"
"424","Japan","JP",36.5,137,0,"land"
"425","United States","US",39.8443,-100.51,0,"land"
"426","United States","US",32.9489,-81.865,0,"land"
"427","Russia","RU",48.4833,44.8167,0,"land"
"428","Mongolia","MN",45.9835,105.7588,0,"land"
"429","Libya","LY",26.4455,15.5925,0,"land"
"430","Libya","LY",26.812,15.8747,0,"land"
"431","Libya","LY",26.4277,15.8483,0,"land"
"432","Libya","LY",27.1388,15.5475,0,"land"
"433","Libya","LY",26.8425,15.6918,0,"land"
"434","Libya","LY",24.297,18.4143,0,"land"
"435","India","IN",24.4,81.8833,0,"land"
"436","United States","US",35.1667,-88.1833,0,"land"
"437","United States","US",40.8622,-118.5417,0,"land"
"438","United States","US",37.5239,-98.6299,0,"land"
"439","Oman","OM",20.5167,56.6667,0,"land"
"440","Oman","OM",20.9718,56.878,0,"land"
"441","Oman","OM",20.979,57.162,0,"land"
"442","Oman","OM",20.796,57.208,0,"land"
"443","Oman","OM",20.996,57.3258,0,"land"
"444","Oman","OM",20.927,57.2855,0,"land"
"445","Oman","OM",20.9523,57.3045,0,"land"
"446","Oman","OM",20.9805,57.319,0,"land"
"447","Oman","OM",20.9915,57.307,0,"land"
"448","Oman","OM",20.992,57.3058,0,"land"
"449","Oman","OM",21.0033,57.2885,0,"land"
"450","Oman","OM",20.9825,57.3148,0,"land"
"451","Oman","OM",20.9655,57.3208,0,"land"
"452","Oman","OM",21.0198,57.2982,0,"land"
"453","Oman","OM",21.048,57.2867,0,"land"
"454","Oman","OM",20.9787,57.3272,0,"land"
"455","Oman","OM",20.9683,57.3173,0,"land"
"456","Oman","OM",20.551,57.1443,0,"land"
"457","Oman","OM",20.6827,57.179,0,"land"
"458","Oman","OM",20.6943,57.1605,0,"land"
"459","Oman","OM",21.0523,57.2857,0,"land"
"460","Oman","OM",21.0718,57.2662,0,"land"
"461","Oman","OM",21.0903,57.2473,0,"land"
"462","Oman","OM",21.1153,57.2212,0,"land"
"463","Oman","OM",21.0218,57.2467,0,"land"
"464","Oman","OM",21.0585,57.2728,0,"land"
"465","Oman","OM",20.9675,57.3235,0,"land"
"466","Oman","OM",21.0657,57.2245,0,"land"
"467","Oman","OM",21.0848,57.0552,0,"land"
"468","Oman","OM",20.8258,57.1993,0,"land"
"469","Oman","OM",21.051,57.2765,0,"land"
"470","Oman","OM",21.054,57.2768,0,"land"
"471","Oman","OM",20.9967,57.2912,0,"land"
"472","Oman","OM",21.0652,57.2817,0,"land"
"473","Oman","OM",20.6737,57.18,0,"land"
"474","Oman","OM",20.6658,57.1863,0,"land"
"475","Oman","OM",21.0692,57.289,0,"land"
"476","Oman","OM",21.0682,57.281,0,"land"
"477","Oman","OM",21.0569,57.2764,0,"land"
"478","Oman","OM",21.0636,57.2714,0,"land"
"479","Oman","OM",21.0756,57.2572,0,"land"
"480","Oman","OM",20.7231,57.1253,0,"land"
"481","Oman","OM",20.9367,57.2611,0,"land"
"482","Oman","OM",21.0608,57.2719,0,"land"
"483","Oman","OM",21.0436,57.0175,0,"land"
"484","Oman","OM",20.8233,57.0853,0,"land"
"485","Oman","OM",20.9383,56.8772,0,"land"
"486","Oman","OM",21.0092,56.9869,0,"land"
"487","Oman","OM",20.9807,57.3022,0,"land"
"488","Oman","OM",20.9758,57.323,0,"land"
"489","Oman","OM",20.974,57.3208,0,"land"
"490","Oman","OM",21.011,57.3207,0,"land"
"491","Oman","OM",21.015,57.338,0,"land"
"492","Oman","OM",20.9828,57.3348,0,"land"
"493","Oman","OM",20.9735,57.305,0,"land"
"494","Oman","OM",20.53,56.6717,0,"land"
"495","Oman","OM",21.0617,57.3267,0,"land"
"496","Oman","OM",20.4567,56.6567,0,"land"
"497","Oman","OM",20.5417,56.6783,0,"land"
"498","Oman","OM",20.98,57.3183,0,"land"
"499","Oman","OM",20.5067,56.655,0,"land"
"500","Oman","OM",21.06,57.29,0,"land"
"501","Oman","OM",20.5817,56.7983,0,"land"
"502","Oman","OM",21,57.31,0,"land"
"503","Oman","OM",21.035,57.2681,0,"land"
"504","Oman","OM",20.5317,56.6767,0,"land"
"505","Oman","OM",20.0433,57.2783,0,"land"
"506","Oman","OM",21.3267,57.1783,0,"land"
"507","Oman","OM",20.819,57.3397,0,"land"
"508","Oman","OM",20.7752,57.2817,0,"land"
"509","Oman","OM",20.819,57.2637,0,"land"
"510","Oman","OM",20.6382,57.169,0,"land"
"511","Oman","OM",20.6515,57.169,0,"land"
"512","Oman","OM",20.6275,57.1643,0,"land"
"513","Oman","OM",20.6845,57.1407,0,"land"
"514","Oman","OM",20.7325,57.122,0,"land"
"515","Oman","OM",21.0118,57.33,0,"land"
"516","Oman","OM",21.004,57.3187,0,"land"
"517","Oman","OM",21.0518,57.2697,0,"land"
"518","Oman","OM",21.0683,57.27,0,"land"
"519","Oman","OM",20.71,57.0217,0,"land"
"520","Oman","OM",20.32,57.2317,0,"land"
"521","Oman","OM",20.53,56.665,0,"land"
"522","Oman","OM",20.8817,57.2,0,"land"
"523","Oman","OM",21,57.32,0,"land"
"524","Oman","OM",21.1667,56.6667,0,"land"
"525","Oman","OM",21.1702,56.6828,0,"land"
"526","Oman","OM",21.0992,57.0912,0,"land"
"527","Oman","OM",20.9912,57.3388,0,"land"
"528","Oman","OM",21.1231,56.9824,0,"land"
"529","Oman","OM",21.1091,56.9335,0,"land"
"530","Oman","OM",21.1454,56.7875,0,"land"
"531","Oman","OM",21.1449,56.8059,0,"land"
"532","Oman","OM",20.6157,57.1632,0,"land"
"533","Oman","OM",20.8275,57.3055,0,"land"
"534","Oman","OM",21.053,57.2627,0,"land"
"535","Oman","OM",20.935,57.0117,0,"land"
"536","Oman","OM",20.9833,57.3267,0,"land"
"537","Oman","OM",21.0183,57.3133,0,"land"
"538","Oman","OM",21.0583,57.2917,0,"land"
"539","Oman","OM",20.5417,56.6883,0,"land"
"540","Oman","OM",20.9267,57.255,0,"land"
"541","Oman","OM",21.0667,57.3167,0,"land"
"542","Oman","OM",21.085,57.28,0,"land"
"543","Oman","OM",20.99,57.3067,0,"land"
"544","Oman","OM",20.985,57.2967,0,"land"
"545","Oman","OM",21.0433,57.2967,0,"land"
"546","Oman","OM",21.06,57.265,0,"land"
"547","Oman","OM",21.0467,57.255,0,"land"
"548","Oman","OM",20.46,56.675,0,"land"
"549","Oman","OM",20.5417,56.68,0,"land"
"550","Oman","OM",20.5367,56.6833,0,"land"
"551","Oman","OM",20.9983,57.3217,0,"land"
"552","Oman","OM",21.0033,57.315,0,"land"
"553","Oman","OM",21.0033,57.3217,0,"land"
"554","Oman","OM",21.0083,57.31,0,"land"
"555","Oman","OM",21.07,57.3133,0,"land"
"556","Oman","OM",21.02,57.2817,0,"land"
"557","Oman","OM",21.0083,57,0,"land"
"558","Oman","OM",21.0067,57.3217,0,"land"
"559","Oman","OM",20.98,57.3333,0,"land"
"560","Oman","OM",21.0883,57.2917,0,"land"
"561","Oman","OM",20.9983,57.315,0,"land"
"562","Oman","OM",21.09,56.915,0,"land"
"563","Oman","OM",21.0033,57.3183,0,"land"
"564","Oman","OM",21.07,57.27,0,"land"
"565","Oman","OM",21.0683,57.3156,0,"land"
"566","Oman","OM",20.9987,57.2947,0,"land"
"567","Oman","OM",21.0336,57.3206,0,"land"
"568","Oman","OM",21.0648,57.2736,0,"land"
"569","Oman","OM",21.0664,57.2676,0,"land"
"570","Oman","OM",21.0713,57.1018,0,"land"
"571","Oman","OM",21.1837,57.2101,0,"land"
"572","Oman","OM",21.187,57.2087,0,"land"
"573","Oman","OM",21.2077,57.2114,0,"land"
"574","Oman","OM",21.0629,57.3156,0,"land"
"575","Oman","OM",21.0426,57.2977,0,"land"
"576","Oman","OM",21.057,57.2997,0,"land"
"577","Oman","OM",21.0074,57.2666,0,"land"
"578","Oman","OM",21.0483,57.3092,0,"land"
"579","Oman","OM",21.0516,57.3114,0,"land"
"580","Oman","OM",21.0464,57.3103,0,"land"
"581","Oman","OM",21.0391,57.3102,0,"land"
"582","Oman","OM",21.0386,57.2938,0,"land"
"583","Oman","OM",20.992,57.3199,0,"land"
"584","Oman","OM",21.0372,57.2902,0,"land"
"585","Oman","OM",21.0369,57.2899,0,"land"
"586","Oman","OM",21.038,57.2928,0,"land"
"587","Oman","OM",21.0517,57.2379,0,"land"
"588","Oman","OM",20.9987,57.325,0,"land"
"589","Oman","OM",21.0675,57.2722,0,"land"
"590","Oman","OM",21.0657,57.2636,0,"land"
"591","Oman","OM",21.0172,57.3203,0,"land"
"592","Oman","OM",20.09,56.7029,0,"land"
"593","Oman","OM",20.09,56.7205,0,"land"
"594","Oman","OM",20.07,56.7237,0,"land"
"595","Oman","OM",21.037,57.3269,0,"land"
"596","Oman","OM",20.9835,57.201,0,"land"
"597","Oman","OM",21.0202,57.2115,0,"land"
"598","Oman","OM",21.0206,57.2131,0,"land"
"599","Oman","OM",21.1679,56.5414,0,"land"
"600","Oman","OM",21.1052,56.9963,0,"land"
"601","Oman","OM",20.5732,57.3233,0,"land"
"602","Oman","OM",20.966,57.3255,0,"land"
"603","Oman","OM",21.0133,57.3183,0,"land"
"604","Oman","OM",20.9933,57.28,0,"land"
"605","Oman","OM",21.0552,57.2975,0,"land"
"606","Oman","OM",21.0645,57.2992,0,"land"
"607","Oman","OM",20.573,56.7026,0,"land"
"608","Oman","OM",21.0483,57.2583,0,"land"
"609","Oman","OM",20.995,57.325,0,"land"
"610","Oman","OM",20.5482,56.6793,0,"land"
"611","Oman","OM",20.7211,57.1269,0,"land"
"612","Oman","OM",20.1762,56.5198,0,"land"
"613","Oman","OM",20.4763,57.3601,0,"land"
"614","Oman","OM",20.5148,57.2774,0,"land"
"615","Oman","OM",20.5646,57.1779,0,"land"
"616","Oman","OM",20.5694,57.3217,0,"land"
"617","Oman","OM",20.5877,57.0975,0,"land"
"618","Oman","OM",20.6024,57.379,0,"land"
"619","Oman","OM",20.8633,56.2033,0,"land"
"620","Oman","OM",20.9659,57.3246,0,"land"
"621","Oman","OM",20.966,57.3257,0,"land"
"622","Oman","OM",20.8635,56.2035,0,"land"
"623","Oman","OM",21.0358,57.3282,0,"land"
"624","Oman","OM",21.0396,57.3109,0,"land"
"625","Oman","OM",21.043,57.3431,0,"land"
"626","Oman","OM",21.0626,57.2738,0,"land"
"627","Oman","OM",21.0626,57.2742,0,"land"
"628","Oman","OM",21.0653,57.2804,0,"land"
"629","Oman","OM",21.0672,57.2835,0,"land"
"630","Oman","OM",21.0696,57.2912,0,"land"
"631","Oman","OM",21.0709,57.3112,0,"land"
"632","Oman","OM",21.071,57.2948,0,"land"
"633","Oman","OM",21.0835,57.2527,0,"land"
"634","Oman","OM",20.004,56.762,0,"land"
"635","Oman","OM",20.1948,57.2022,0,"land"
"636","Oman","OM",20.2013,56.9614,0,"land"
"637","Oman","OM",20.295,56.5076,0,"land"
"638","Oman","OM",20.3317,57.2474,0,"land"
"639","Oman","OM",20.0358,57.2204,0,"land"
"640","Oman","OM",20.3686,56.8867,0,"land"
"641","Oman","OM",20.4028,57.0374,0,"land"
"642","Oman","OM",20.4144,57.0658,0,"land"
"643","Oman","OM",20.4209,57.3593,0,"land"
"644","Oman","OM",20.4242,56.5618,0,"land"
"645","Oman","OM",20.4274,57.103,0,"land"
"646","Oman","OM",20.4334,56.5872,0,"land"
"647","Oman","OM",20.4425,57.233,0,"land"
"648","Oman","OM",20.4841,56.9429,0,"land"
"649","Oman","OM",20.4853,57.2142,0,"land"
"650","Oman","OM",20.4893,57.4006,0,"land"
"651","Oman","OM",20.4904,57.3935,0,"land"
"652","Oman","OM",20.4913,57.3695,0,"land"
"653","Oman","OM",20.4935,57.2519,0,"land"
"654","Oman","OM",20.0603,56.9492,0,"land"
"655","Oman","OM",20.0626,56.9533,0,"land"
"656","Oman","OM",20.5005,57.2705,0,"land"
"657","Oman","OM",20.5022,57.3737,0,"land"
"658","Oman","OM",20.5077,57.1513,0,"land"
"659","Oman","OM",20.5117,57.3184,0,"land"
"660","Oman","OM",20.5132,57.3676,0,"land"
"661","Oman","OM",20.5168,57.3651,0,"land"
"662","Oman","OM",20.5263,57.386,0,"land"
"663","Oman","OM",20.5398,57.3068,0,"land"
"664","Oman","OM",20.5418,57.1989,0,"land"
"665","Oman","OM",20.5437,57.1285,0,"land"
"666","Oman","OM",20.5536,57.3243,0,"land"
"667","Oman","OM",20.5562,57.31,0,"land"
"668","Oman","OM",20.5568,56.8474,0,"land"
"669","Oman","OM",20.5609,57.3326,0,"land"
"670","Oman","OM",20.5623,57.3761,0,"land"
"671","Oman","OM",20.5628,57.2857,0,"land"
"672","Oman","OM",20.5657,57.3583,0,"land"
"673","Oman","OM",20.568,57.3742,0,"land"
"674","Oman","OM",20.5727,57.3694,0,"land"
"675","Oman","OM",20.5794,57.1848,0,"land"
"676","Oman","OM",20.5797,57.1848,0,"land"
"677","Oman","OM",20.581,57.4029,0,"land"
"678","Oman","OM",20.5828,57.3607,0,"land"
"679","Oman","OM",20.583,57.3165,0,"land"
"680","Oman","OM",20.5875,57.3529,0,"land"
"681","Oman","OM",20.5909,57.1975,0,"land"
"682","Oman","OM",20.5964,57.1616,0,"land"
"683","Oman","OM",20.5989,57.0205,0,"land"
"684","Oman","OM",20.5996,57.3753,0,"land"
"685","Oman","OM",20.6006,57.1593,0,"land"
"686","Oman","OM",20.605,57.3218,0,"land"
"687","Oman","OM",20.6133,57.3391,0,"land"
"688","Oman","OM",20.6227,56.9479,0,"land"
"689","Oman","OM",20.6361,57.2141,0,"land"
"690","Oman","OM",20.6684,57.1594,0,"land"
"691","Oman","OM",20.6364,57.2873,0,"land"
"692","Oman","OM",20.6953,57.1832,0,"land"
"693","Oman","OM",20.6962,57.1949,0,"land"
"694","Oman","OM",20.7065,57.1839,0,"land"
"695","Oman","OM",20.7071,57.1832,0,"land"
"696","Oman","OM",20.722,57.2101,0,"land"
"697","Oman","OM",20.7263,57.1597,0,"land"
"698","Oman","OM",20.7278,57.1884,0,"land"
"699","Oman","OM",20.7292,57.189,0,"land"
"700","Oman","OM",20.7689,57.26,0,"land"
"701","Oman","OM",20.7867,57.2141,0,"land"
"702","Oman","OM",20.7903,57.1941,0,"land"
"703","Oman","OM",20.8131,57.3302,0,"land"
"704","Oman","OM",20.9449,57.3558,0,"land"
"705","Oman","OM",20.1002,56.8377,0,"land"
"706","Oman","OM",20.1666,57.0754,0,"land"
"707","Oman","OM",21.2617,57.1789,0,"land"
"708","Oman","OM",21.0446,57.2735,0,"land"
"709","Oman","OM",21.0626,57.3125,0,"land"
"710","Oman","OM",21,57.2,0,"land"
"711","Oman","OM",20.9925,57.3233,0,"land"
"712","Oman","OM",21.0475,57.3176,0,"land"
"713","Oman","OM",21.1136,56.811,0,"land"
"714","Oman","OM",21.0689,57.3133,0,"land"
"715","Oman","OM",21.0029,57.3236,0,"land"
"716","Oman","OM",20.5269,57.1343,0,"land"
"717","Oman","OM",20.5274,57.1352,0,"land"
"718","Oman","OM",21.0038,57.2639,0,"land"
"719","Oman","OM",21.0754,57.147,0,"land"
"720","Oman","OM",20.6004,57.1639,0,"land"
"721","Oman","OM",20.6034,57.1643,0,"land"
"722","Oman","OM",20.6084,57.1601,0,"land"
"723","Oman","OM",21.0439,56.965,0,"land"
"724","Oman","OM",21.0099,57.0386,0,"land"
"725","Oman","OM",20.7937,57.1737,0,"land"
"726","Oman","OM",20.9984,57.3197,0,"land"
"727","Oman","OM",20.7909,57.1835,0,"land"
"728","Oman","OM",21.0686,57.3013,0,"land"
"729","Oman","OM",21.0066,57.3344,0,"land"
"730","Oman","OM",21.0561,57.2924,0,"land"
"731","Oman","OM",21.0596,57.2834,0,"land"
"732","Oman","OM",21.0624,57.2758,0,"land"
"733","Oman","OM",21.0698,57.2639,0,"land"
"734","Oman","OM",20.5983,57.1632,0,"land"
"735","Oman","OM",21.0083,57.3327,0,"land"
"736","Oman","OM",21.0029,57.3274,0,"land"
"737","Oman","OM",21.0642,57.2989,0,"land"
"738","Oman","OM",20.9277,57.2823,0,"land"
"739","Oman","OM",21.2,57.1,0,"land"
"740","Oman","OM",21.0017,57.3117,0,"land"
"741","Oman","OM",20.6117,56.755,0,"land"
"742","Oman","OM",20.68,56.815,0,"land"
"743","Oman","OM",21.0117,57.3117,0,"land"
"744","Oman","OM",21.0133,57.315,0,"land"
"745","Oman","OM",21.005,57.3117,0,"land"
"746","Oman","OM",20.995,57.3267,0,"land"
"747","Oman","OM",20.9983,57.3117,0,"land"
"748","Oman","OM",21.09,57.2583,0,"land"
"749","Oman","OM",21.075,57.2633,0,"land"
"750","Oman","OM",21.0983,57.2783,0,"land"
"751","Oman","OM",21.06,57.2967,0,"land"
"752","Oman","OM",20.9967,57.33,0,"land"
"753","Oman","OM",20.9967,57.3167,0,"land"
"754","Oman","OM",21.005,57.325,0,"land"
"755","Oman","OM",20.5358,56.6709,0,"land"
"756","Oman","OM",20.5429,56.6381,0,"land"
"757","Oman","OM",21.0769,57.2697,0,"land"
"758","Oman","OM",20.5281,56.6753,0,"land"
"759","Oman","OM",20.0641,56.5339,0,"land"
"760","Oman","OM",21.0035,57.1537,0,"land"
"761","Oman","OM",20.9102,56.9023,0,"land"
"762","Oman","OM",20.9142,56.8861,0,"land"
"763","Oman","OM",20.9121,56.847,0,"land"
"764","Oman","OM",21.0057,57.0318,0,"land"
"765","Oman","OM",20.0093,56.5073,0,"land"
"766","Oman","OM",20.043,56.5779,0,"land"
"767","Oman","OM",20.2796,56.5085,0,"land"
"768","Oman","OM",20.2651,56.503,0,"land"
"769","Oman","OM",20.884,56.9938,0,"land"
"770","Oman","OM",20.9224,56.8869,0,"land"
"771","Oman","OM",20.8688,56.6647,0,"land"
"772","Oman","OM",20.8492,56.949,0,"land"
"773","Oman","OM",21.0133,57.0917,0,"land"
"774","Oman","OM",21.2685,57.3162,0,"land"
"775","Oman","OM",20.9302,57.145,0,"land"
"776","Oman","OM",20.9256,57.1223,0,"land"
"777","Oman","OM",21.0848,57.276,0,"land"
"778","Oman","OM",21.0845,57.2932,0,"land"
"779","Oman","OM",21.0553,57.269,0,"land"
"780","Oman","OM",21.0765,57.2959,0,"land"
"781","Oman","OM",21.0769,57.2969,0,"land"
"782","Oman","OM",21.0553,57.2582,0,"land"
"783","Oman","OM",21.0664,57.2648,0,"land"
"784","Oman","OM",21.0891,57.2726,0,"land"
"785","Oman","OM",21.0935,57.2756,0,"land"
"786","Oman","OM",21.0981,57.2804,0,"land"
"787","Oman","OM",21.09,57.2949,0,"land"
"788","Oman","OM",21.099,57.2677,0,"land"
"789","Oman","OM",20.545,56.6742,0,"land"
"790","Oman","OM",20.5516,56.6831,0,"land"
"791","Oman","OM",20.5509,56.6835,0,"land"
"792","Oman","OM",20.5412,56.6805,0,"land"
"793","Oman","OM",20.5388,56.6741,0,"land"
"794","Oman","OM",20.5318,56.6687,0,"land"
"795","Oman","OM",20.5322,56.6718,0,"land"
"796","Oman","OM",20.5307,56.671,0,"land"
"797","Oman","OM",20.5504,56.6854,0,"land"
"798","Oman","OM",20.545,56.6733,0,"land"
"799","Oman","OM",21.04,57.315,0,"land"
"800","Oman","OM",20.8825,57.3572,0,"land"
"801","Oman","OM",20.7933,57.3507,0,"land"
"802","Oman","OM",20.5952,56.8302,0,"land"
"803","Oman","OM",20.4793,56.829,0,"land"
"804","Oman","OM",20.4793,56.7544,0,"land"
"805","Oman","OM",20.4795,56.7443,0,"land"
"806","Oman","OM",20.4382,56.7038,0,"land"
"807","Oman","OM",20.3393,56.5645,0,"land"
"808","Oman","OM",20.0159,56.5581,0,"land"
"809","Oman","OM",20.0256,56.5583,0,"land"
"810","Oman","OM",20.0136,56.5579,0,"land"
"811","Oman","OM",20.097,56.6245,0,"land"
"812","Oman","OM",20.16,56.6463,0,"land"
"813","Oman","OM",20.9978,57.295,0,"land"
"814","Oman","OM",20.9964,57.2879,0,"land"
"815","Oman","OM",21.0879,56.9413,0,"land"
"816","Oman","OM",20.5113,57.2929,0,"land"
"817","Oman","OM",20.3861,56.9388,0,"land"
"818","Oman","OM",20.0517,56.5058,0,"land"
"819","Oman","OM",20.0974,56.6285,0,"land"
"820","Oman","OM",20.1656,56.628,0,"land"
"821","Oman","OM",20.2454,56.5159,0,"land"
"822","Oman","OM",20.0102,56.5219,0,"land"
"823","Oman","OM",20.9226,57.1362,0,"land"
"824","Oman","OM",20.2552,56.5414,0,"land"
"825","Oman","OM",20.3953,56.5888,0,"land"
"826","Oman","OM",20.4429,56.6542,0,"land"
"827","Oman","OM",20.4454,56.6554,0,"land"
"828","Oman","OM",20.5979,56.9788,0,"land"
"829","Oman","OM",20.7862,57.1497,0,"land"
"830","Oman","OM",21.2763,57.1188,0,"land"
"831","Oman","OM",21.2921,57.178,0,"land"
"832","Oman","OM",20.9594,56.9719,0,"land"
"833","Oman","OM",20.2732,56.6341,0,"land"
"834","Oman","OM",20.2926,56.6422,0,"land"
"835","Oman","OM",21.2685,57.1287,0,"land"
"836","Oman","OM",20.5333,57.3,0,"land"
"837","Oman","OM",20.1987,56.8092,0,"land"
"838","Oman","OM",20.7025,57.1112,0,"land"
"839","Oman","OM",20.5278,57.4045,0,"land"
"840","Oman","OM",20.2117,56.6047,0,"land"
"841","Oman","OM",20.532,57.335,0,"land"
"842","Oman","OM",20.7647,57.2697,0,"land"
"843","Oman","OM",20.1262,56.5628,0,"land"
"844","Oman","OM",20.7853,57.2687,0,"land"
"845","Oman","OM",20.53,57.367,0,"land"
"846","Oman","OM",20.6167,57.0333,0,"land"
"847","Oman","OM",20.3833,56.7667,0,"land"
"848","Oman","OM",20.564,56.6655,0,"land"
"849","Oman","OM",21.2545,56.503,0,"land"
"850","Oman","OM",21.29,56.5809,0,"land"
"851","Oman","OM",21.2001,56.7355,0,"land"
"852","Oman","OM",21.0122,56.7796,0,"land"
"853","Oman","OM",20.9393,56.9045,0,"land"
"854","Oman","OM",20.8961,56.9261,0,"land"
"855","Oman","OM",20.9062,56.9489,0,"land"
"856","Oman","OM",20.1254,56.5534,0,"land"
"857","Oman","OM",20.7128,57.1216,0,"land"
"858","Oman","OM",20.7272,57.1074,0,"land"
"859","Oman","OM",20.3565,56.5489,0,"land"
"860","Oman","OM",20.3564,56.5514,0,"land"
"861","Oman","OM",20.3715,56.5108,0,"land"
"862","Oman","OM",20.3716,56.5102,0,"land"
"863","Oman","OM",20.4209,56.5003,0,"land"
"864","Oman","OM",20.4043,56.642,0,"land"
"865","Oman","OM",20.407,56.6523,0,"land"
"866","Oman","OM",20.4153,56.6655,0,"land"
"867","Oman","OM",21.0371,57.2311,0,"land"
"868","Oman","OM",20.9645,56.7203,0,"land"
"869","Oman","OM",20.526,56.7972,0,"land"
"870","Oman","OM",20.0302,56.648,0,"land"
"871","Oman","OM",21.0063,57.3218,0,"land"
"872","Oman","OM",20.1345,56.5898,0,"land"
"873","Oman","OM",20.2665,56.5165,0,"land"
"874","Oman","OM",20.3806,56.5934,0,"land"
"875","Oman","OM",20.4014,56.6382,0,"land"
"876","Oman","OM",20.5374,56.9892,0,"land"
"877","Oman","OM",20.3956,56.6359,0,"land"
"878","Oman","OM",21.1071,57.0436,0,"land"
"879","Oman","OM",21.0597,57.2763,0,"land"
"880","Oman","OM",21.0592,57.2762,0,"land"
"881","Oman","OM",20.7658,57.2833,0,"land"
"882","Oman","OM",20.5123,57.2833,0,"land"
"883","Oman","OM",20.5118,57.2869,0,"land"
"884","Oman","OM",20.3885,57.003,0,"land"
"885","Oman","OM",20.5381,56.6657,0,"land"
"886","Oman","OM",20.5995,57.1429,0,"land"
"887","Oman","OM",20.0998,56.7051,0,"land"
"888","Oman","OM",20.238,56.9303,0,"land"
"889","Oman","OM",20.5048,56.8341,0,"land"
"890","Oman","OM",20.4247,56.6501,0,"land"
"891","Oman","OM",20.7705,57.0891,0,"land"
"892","Oman","OM",20.5963,57.1592,0,"land"
"893","Oman","OM",20.0992,56.5984,0,"land"
"894","Oman","OM",20.241,56.6424,0,"land"
"895","Oman","OM",20.0513,56.5922,0,"land"
"896","Oman","OM",21.0404,57.0436,0,"land"
"897","Oman","OM",20.1742,56.5111,0,"land"
"898","Oman","OM",21.0673,57.2677,0,"land"
"899","South Africa","ZA",-32.0833,21.3333,0,"land"
"900","Poland","PL",53.4,18.45,0,"land"
"901","United States","US",38.4667,-100.9333,0,"land"
"902","Antarctica","AQ",-87.0333,-148,0,"land"
"903","United States","US",36.7667,-86.1667,0,"land"
"904","United States","US",32.5,-101,0,"land"
"905","United States","US",32.9333,-102.5833,0,"land"
"906","United States","US",32.9172,-102.5,0,"land"
"907","United States","US",32.9833,-102.5667,0,"land"
"908","Poland","PL",52.2667,15.55,0,"land"
"909","Australia","AU",-30.5833,125.2167,0,"land"
"910","Niger","NE",20.8183,12.9733,0,"land"
"911","United States","US",39.3667,-100.6333,0,"land"
"912","United States","US",39.3,-102.8333,0,"land"
"913","United States","US",39.2767,-102.8867,0,"land"
"914","Czechia","CZ",49.75,14.4167,0,"land"
"915","United States","US",39.5333,-100.5667,0,"land"
"916","United States","US",35.2833,-112.8667,0,"land"
"917","United States","US",32.4,-87,0,"land"
"918","United States","US",32.6833,-102.6167,0,"land"
"919","United States","US",32.5433,-102.705,0,"land"
"920","United States","US",32.55,-102.3917,0,"land"
"921","United States","US",32.7167,-102.65,0,"land"
"922","United States","US",32.7004,-102.6727,0,"land"
"923","United States","US",39.8333,-96.0667,0,"land"
"924","United States","US",42.9167,-76.7833,0,"land"
"925","United States","US",41.7833,-84.1833,0,"land"
"926","Chile","CL",-24.55,-69.0667,0,"land"
"927","United States","US",34.2689,-101.6472,0,"land"
"928","Bolivia","BO",-19.3678,-66.9679,0,"land"
"929","Russia","RU",60.5,57,0,"land"
"930","Russia","RU",62.9,152.4333,0,"land"
"931","United States","US",37.2375,-92.7869,0,"land"
"932","United States","US",32.4,-102.5833,0,"land"
"933","Iran","IR",30.5538,57.7842,0,"land"
"934","Oman","OM",18.185,55.11,0,"land"
"935","Oman","OM",18.7073,55.7214,0,"land"
"936","Oman","OM",18.1823,55.5018,0,"land"
"937","Oman","OM",18.2143,55.7132,0,"land"
"938","Oman","OM",18.4473,55.9216,0,"land"
"939","Oman","OM",18.5263,55.933,0,"land"
"940","Oman","OM",18.868,55.4507,0,"land"
"941","Oman","OM",18.8725,55.4759,0,"land"
"942","Oman","OM",18.8887,55.4378,0,"land"
"943","Oman","OM",18.9002,55.5935,0,"land"
"944","Oman","OM",18.9426,55.6314,0,"land"
"945","Oman","OM",18.9865,55.5865,0,"land"
"946","Oman","OM",18.9993,55.4952,0,"land"
"947","Oman","OM",18.974,55.089,0,"land"
"948","Oman","OM",18.6515,55.1419,0,"land"
"949","Oman","OM",18.6539,55.1467,0,"land"
"950","Oman","OM",18.8984,55.5819,0,"land"
"951","Oman","OM",18.911,55.5569,0,"land"
"952","Oman","OM",18.9112,55.557,0,"land"
"953","United States","US",33.7,-101.9333,0,"land"
"954","China","CN",42.5,114,0,"land"
"955","United States","US",38.7708,-101.7983,0,"land"
"956","United States","US",39.5333,-103.3333,0,"land"
"957","United States","US",34.125,-115.5633,0,"land"
"958","Japan","JP",35.765,140.41,0,"land"
"959","United States","US",38.7,-100.35,0,"land"
"960","United States","US",38.6667,-120.9333,0,"land"
"961","Japan","JP",36.7,137.3667,0,"land"
"962","Japan","JP",39.5,140.2,0,"land"
"963","Oman","OM",18.508,53.9873,0,"land"
"964","Oman","OM",18.5875,53.9142,0,"land"
"965","Oman","OM",18.5695,53.9102,0,"land"
"966","Oman","OM",18.5843,53.9137,0,"land"
"967","Oman","OM",18.4662,53.8342,0,"land"
"968","Oman","OM",18.415,53.9883,0,"land"
"969","Oman","OM",18.2925,53.5675,0,"land"
"970","Oman","OM",18.5417,53.9983,0,"land"
"971","Oman","OM",18.5633,53.9267,0,"land"
"972","Oman","OM",18.55,53.97,0,"land"
"973","Oman","OM",18.5583,53.9133,0,"land"
"974","Oman","OM",18.5617,53.9717,0,"land"
"975","Oman","OM",18.4917,53.8817,0,"land"
"976","Oman","OM",18.3288,53.886,0,"land"
"977","Oman","OM",18.5491,53.9229,0,"land"
"978","Oman","OM",18.4384,53.9689,0,"land"
"979","Oman","OM",18.4232,53.6091,0,"land"
"980","Oman","OM",18.5373,53.9331,0,"land"
"981","Oman","OM",18.5475,53.8935,0,"land"
"982","Oman","OM",18.5593,53.8916,0,"land"
"983","Oman","OM",18.6045,53.8876,0,"land"
"984","Oman","OM",18.1672,53.8456,0,"land"
"985","Oman","OM",18.5529,53.9874,0,"land"
"986","Oman","OM",18.5547,53.9969,0,"land"
"987","Oman","OM",18.1074,53.8319,0,"land"
"988","Oman","OM",18.123,53.7548,0,"land"
"989","Oman","OM",18.1413,53.9121,0,"land"
"990","Oman","OM",18.1428,53.8075,0,"land"
"991","Oman","OM",18.1501,53.8005,0,"land"
"992","Oman","OM",18.1536,53.7749,0,"land"
"993","Oman","OM",18.2133,53.8468,0,"land"
"994","Oman","OM",18.041,53.6927,0,"land"
"995","Oman","OM",18.3472,53.7477,0,"land"
"996","Oman","OM",18.4206,54.0506,0,"land"
"997","Oman","OM",18.4296,54.0413,0,"land"
"998","Oman","OM",18.5075,53.9933,0,"land"
"999","Oman","OM",18.542,53.9375,0,"land"
"1000","Oman","OM",18.5459,53.9338,0,"land"
"1001","Oman","OM",18.5472,53.957,0,"land"
"1002","Oman","OM",18.5478,53.9501,0,"land"
"1003","Oman","OM",18.5528,53.9355,0,"land"
"1004","Oman","OM",18.5745,53.8161,0,"land"
"1005","Oman","OM",18.5924,53.8125,0,"land"
"1006","Oman","OM",18.1532,53.8419,0,"land"
"1007","Oman","OM",18.1517,53.9482,0,"land"
"1008","Oman","OM",18.5486,53.9505,0,"land"
"1009","Oman","OM",18.5474,53.9943,0,"land"
"1010","Oman","OM",18.5475,53.9999,0,"land"
"1011","Oman","OM",18.2035,53.8111,0,"land"
"1012","Oman","OM",18.6262,53.9158,0,"land"
"1013","Oman","OM",18.6262,53.9156,0,"land"
"1014","Oman","OM",18.5217,53.8039,0,"land"
"1015","Oman","OM",18.5519,53.9091,0,"land"
"1016","Oman","OM",18.5435,53.9763,0,"land"
"1017","Oman","OM",18.1915,53.8129,0,"land"
"1018","Oman","OM",18.1903,53.8083,0,"land"
"1019","Oman","OM",18.1923,53.8037,0,"land"
"1020","Oman","OM",18.6542,53.9285,0,"land"
"1021","Oman","OM",18.189,53.8049,0,"land"
"1022","Oman","OM",18.6521,53.9271,0,"land"
"1023","Oman","OM",18.2498,53.9964,0,"land"
"1024","Oman","OM",18.2509,53.9987,0,"land"
"1025","Oman","OM",18.2528,53.9987,0,"land"
"1026","Oman","OM",18.2537,53.9988,0,"land"
"1027","Oman","OM",18.2538,53.9986,0,"land"
"1028","Oman","OM",18.2544,53.9984,0,"land"
"1029","Oman","OM",18.2531,53.9955,0,"land"
"1030","Oman","OM",18.2542,53.998,0,"land"
"1031","Oman","OM",18.2547,53.9945,0,"land"
"1032","Oman","OM",18.2586,53.9921,0,"land"
"1033","Oman","OM",18.2587,53.9932,0,"land"
"1034","Oman","OM",18.258,53.9935,0,"land"
"1035","Oman","OM",18.258,53.9934,0,"land"
"1036","Oman","OM",18.2581,53.9932,0,"land"
"1037","Oman","OM",18.2582,53.9931,0,"land"
"1038","Oman","OM",18.2584,53.9928,0,"land"
"1039","Oman","OM",18.2587,53.9924,0,"land"
"1040","Oman","OM",18.2594,53.993,0,"land"
"1041","Oman","OM",18.2588,53.9928,0,"land"
"1042","Oman","OM",18.259,53.9918,0,"land"
"1043","Oman","OM",18.2593,53.9911,0,"land"
"1044","Oman","OM",18.2543,53.9973,0,"land"
"1045","Oman","OM",18.2543,53.995,0,"land"
"1046","Oman","OM",18.2539,53.997,0,"land"
"1047","Oman","OM",18.254,53.9987,0,"land"
"1048","Oman","OM",18.2539,53.9978,0,"land"
"1049","Oman","OM",18.2515,53.9988,0,"land"
"1050","Oman","OM",18.2514,53.9969,0,"land"
"1051","Oman","OM",18.2517,53.9981,0,"land"
"1052","Oman","OM",18.2522,53.998,0,"land"
"1053","Oman","OM",18.2519,53.998,0,"land"
"1054","Oman","OM",18.2509,53.9969,0,"land"
"1055","Oman","OM",18.2507,53.9967,0,"land"
"1056","Oman","OM",18.2522,53.9974,0,"land"
"1057","Oman","OM",18.254,53.9952,0,"land"
"1058","Oman","OM",18.2542,53.9948,0,"land"
"1059","Oman","OM",18.2552,53.997,0,"land"
"1060","Oman","OM",18.2543,53.9955,0,"land"
"1061","Oman","OM",18.2589,53.9937,0,"land"
"1062","Oman","OM",18.2599,53.9928,0,"land"
"1063","Oman","OM",18.2611,53.9933,0,"land"
"1064","Oman","OM",18.2611,53.9923,0,"land"
"1065","Oman","OM",18.2593,53.9925,0,"land"
"1066","Oman","OM",18.2591,53.992,0,"land"
"1067","Oman","OM",18.3363,53.3335,0,"land"
"1068","Oman","OM",18.6042,53.9147,0,"land"
"1069","Oman","OM",18.5667,53.8333,0,"land"
"1070","Oman","OM",18.5571,53.9138,0,"land"
"1071","Oman","OM",18.2525,53.998,0,"land"
"1072","Oman","OM",18.6066,53.9601,0,"land"
"1073","Oman","OM",18.5491,53.978,0,"land"
"1074","Oman","OM",18.3233,53.3877,0,"land"
"1075","Oman","OM",18.6067,53.9512,0,"land"
"1076","Oman","OM",18.6042,53.9683,0,"land"
"1077","Oman","OM",18.3644,53.5969,0,"land"
"1078","Oman","OM",18.6358,53.9047,0,"land"
"1079","Oman","OM",18.5436,53.9913,0,"land"
"1080","Oman","OM",18.5472,53.9381,0,"land"
"1081","Oman","OM",18.2201,53.821,0,"land"
"1082","North Korea","KP",40.3167,126.9167,0,"land"
"1083","United States","US",39.7667,-76.6667,0,"land"
"1084","United States","US",41.05,-102.9,0,"land"
"1085","Mexico","MX",27.15,-104.9,0,"land"
"1086","Argentina","AR",-40.8,-67.4833,0,"land"
"1087","United States","US",33,-107.5,0,"land"
"1088","Chile","CL",-22.9,-69.35,0,"land"
"1089","Chile","CL",-25.1667,-69.2833,0,"land"
"1090","Mexico","MX",32.5,-115.5,0,"land"
"1091","Algeria","DZ",22.7833,4.15,0,"land"
"1092","United States","US",35.5175,-116.1761,0,"land"
"1093","United States","US",32.4833,-111.5667,0,"land"
"1094","United States","US",41.2333,-104.9833,0,"land"
"1095","United States","US",35.3733,-116.125,0,"land"
"1096","United States","US",35.3444,-116.1149,0,"land"
"1097","Australia","AU",-31.8833,141.2,0,"land"
"1098","United States","US",34.5333,-101.1833,0,"land"
"1099","Russia","RU",54.3,48.4,0,"land"
"1100","South Africa","ZA",-33.85,18.95,0,"land"
"1101","Libya","LY",31,11.6667,0,"land"
"1102","Libya","LY",30.9167,11.7833,0,"land"
"1103","Libya","LY",30.9,11.7833,0,"land"
"1104","Libya","LY",30.9667,11.6167,0,"land"
"1105","India","IN",18.3167,73.9167,0,"land"
"1106","Mali","ML",14,-11,0,"land"
"1107","Egypt","EG",28.5,25.5,0,"land"
"1108","Canada","CA",49.25,-111.8667,0,"land"
"1109","United States","US",33.4333,-101.75,0,"land"
"1110","Australia","AU",-30.25,126.3333,0,"land"
"1111","Australia","AU",-30.4833,126.25,0,"land"
"1112","Australia","AU",-30.3,126.0333,0,"land"
"1113","Australia","AU",-30.3667,126.1833,0,"land"
"1114","Australia","AU",-30.1737,126.2923,0,"land"
"1115","Australia","AU",-30.1667,126.4043,0,"land"
"1116","Australia","AU",-30.16,126.3867,0,"land"
"1117","Australia","AU",-30.2,126.5,0,"land"
"1118","Australia","AU",-30.1628,126.4083,0,"land"
"1119","Australia","AU",-30.15,126.4283,0,"land"
"1120","Australia","AU",-30.1633,126.4085,0,"land"
"1121","Australia","AU",-30.1687,126.2872,0,"land"
"1122","Australia","AU",-30.1242,126.4515,0,"land"
"1123","Australia","AU",-30.0275,126.2702,0,"land"
"1124","Australia","AU",-30.0318,126.2728,0,"land"
"1125","Australia","AU",-30.0128,126.2578,0,"land"
"1126","Australia","AU",-30.1023,126.3515,0,"land"
"1127","Australia","AU",-30.1052,126.35,0,"land"
"1128","Australia","AU",-30.1135,126.2512,0,"land"
"1129","Australia","AU",-30.1183,126.2477,0,"land"
"1130","Australia","AU",-30.1065,126.2627,0,"land"
"1131","Australia","AU",-30.1087,126.2603,0,"land"
"1132","Australia","AU",-30.1055,126.2555,0,"land"
"1133","Australia","AU",-30.1792,126.4006,0,"land"
"1134","Australia","AU",-30.1736,126.4344,0,"land"
"1135","Australia","AU",-30.1603,126.3483,0,"land"
"1136","United States","US",33.1186,-102.7406,0,"land"
"1137","United States","US",34.65,-91.5833,0,"land"
"1138","Western Sahara","EH",26.6833,-11.7333,0,"land"
"1139","United States","US",39.8333,-99.0167,0,"land"
"1140","United States","US",37.1333,-88.4,0,"land"
"1141","United States","US",34,-83.1667,0,"land"
"1142","United States","US",36.4167,-80,0,"land"
"1143","United States","US",35.9833,-85.85,0,"land"
"1144","United States","US",40.9547,-118.4969,0,"land"
"1145","United States","US",33.5833,-102.1667,0,"land"
"1146","United States","US",32.7167,-100.9167,0,"land"
"1147","United States","US",32.1583,-111.1133,0,"land"
"1148","United States","US",33.7,-83.7,0,"land"
"1149","Brazil","BR",-29.05,-51.4333,0,"land"
"1150","Mexico","MX",23.6333,-103.6667,0,"land"
"1151","United States","US",32.1833,-97.8,0,"land"
"1152","United States","US",41.3833,-123.5,0,"land"
"1153","United States","US",34.0333,-95.5833,0,"land"
"1154","Russia","RU",55.4295,55.7873,0,"land"
"1155","United States","US",41.65,-86.2167,0,"land"
"1156","United States","US",43.0333,-78.0333,0,"land"
"1157","Saudi Arabia","SA",22.5667,48.3,0,"land"
"1158","Oman","OM",21,56.6667,0,"land"
"1159","United States","US",34.2667,-101.25,0,"land"
"1160","Canada","CA",44.5064,-81.3722,0,"land"
"1161","United States","US",34.0011,-102.1283,0,"land"
"1162","United States","US",36.25,-101.2167,0,"land"
"1163","United States","US",36.3461,-97.185,0,"land"
"1164","United States","US",37.3833,-102.6333,0,"land"
"1165","United States","US",37.4833,-102.6767,0,"land"
"1166","United States","US",34.3444,-102.2236,0,"land"
"1167","Canada","CA",52,-108.3,0,"land"
"1168","United States","US",40.801,-114.701,0,"land"
"1169","United States","US",40.792,-114.708,0,"land"
"1170","United States","US",32,-98,0,"land"
"1171","Russia","RU",58.6167,98.9333,0,"land"
"1172","Black Sea","Unknown",46.4,30.8,0,"ocean"
"1173","North Pacific Ocean","Unknown",34.25,-119.3,0,"ocean"
"1174","Unknown","Unknown",-41.0667,-62.85,0,"Unknown"
